<?xml version="1.0" encoding="UTF-8"?>
<project-private xmlns="http://www.netbeans.org/ns/project-private/1">
    <editor-bookmarks xmlns="http://www.netbeans.org/ns/editor-bookmarks/2" lastBookmarkId="0"/>
    <open-files xmlns="http://www.netbeans.org/ns/projectui-open-files/2">
        <group>
            <file>file:/C:/Users/Miguel/Documents/GitHub/Lpro2016_battleship/server/src/server_conection/MultiServerThread.java</file>
            <file>file:/C:/Users/Miguel/Documents/GitHub/Lpro2016_battleship/server/src/server_conection/Protocol.java</file>
            <file>file:/C:/Users/Miguel/Documents/GitHub/Lpro2016_battleship/server/src/server_data/player_data.java</file>
            <file>file:/C:/Users/Miguel/Documents/GitHub/Lpro2016_battleship/server/src/server_data/PostgreSQLink.java</file>
            <file>file:/C:/Users/Miguel/Documents/GitHub/Lpro2016_battleship/server/src/server_conection/MultiServer.java</file>
            <file>file:/C:/Users/Miguel/Documents/GitHub/Lpro2016_battleship/server/src/server_bl/Player.java</file>
            <file>file:/C:/Users/Miguel/Documents/GitHub/Lpro2016_battleship/server/src/server_bl/Game.java</file>
        </group>
    </open-files>
</project-private>
