<?xml version="1.0" encoding="UTF-8"?>
<project-private xmlns="http://www.netbeans.org/ns/project-private/1">
    <editor-bookmarks xmlns="http://www.netbeans.org/ns/editor-bookmarks/2" lastBookmarkId="0"/>
    <open-files xmlns="http://www.netbeans.org/ns/projectui-open-files/2">
        <group>
            <file>file:/C:/Users/Miguel/Documents/GitHub/Lpro2016_battleship/client/src/player_GUI/login.java</file>
            <file>file:/C:/Users/Miguel/Documents/GitHub/Lpro2016_battleship/client/src/player_GUI/startpage.java</file>
            <file>file:/C:/Users/Miguel/Documents/GitHub/Lpro2016_battleship/client/src/client_conection/Sockets.java</file>
            <file>file:/C:/Users/Miguel/Documents/GitHub/Lpro2016_battleship/client/src/client_conection/Protocol.java</file>
            <file>file:/C:/Users/Miguel/Documents/GitHub/Lpro2016_battleship/client/src/player_GUI/boardTrt.java</file>
        </group>
    </open-files>
</project-private>
