<?xml version="1.0" encoding="UTF-8"?>
<project-private xmlns="http://www.netbeans.org/ns/project-private/1">
    <editor-bookmarks xmlns="http://www.netbeans.org/ns/editor-bookmarks/2" lastBookmarkId="0"/>
    <open-files xmlns="http://www.netbeans.org/ns/projectui-open-files/2">
        <group>
            <file>file:/C:/Users/Joana/Documents/4º%20ANO/LPRO/Lpro2016_battleship/server/src/server_chat/chat_server.java</file>
            <file>file:/C:/Users/Joana/Documents/4º%20ANO/LPRO/Lpro2016_battleship/server/src/server_conection/MultiServerThread.java</file>
        </group>
    </open-files>
</project-private>
